"","sample_info$sex","sample_info$diet","sample_info$treatment","sample_info$sex:sample_info$diet","sample_info$sex:sample_info$treatment","sample_info$diet:sample_info$treatment","sample_info$sex:sample_info$diet:sample_info$treatment","Pval_Female_HFHFD_PCBs_vs_Female_HFHFD_Vehicle","log2FoldChange_Female_HFHFD_PCBs_vs_Female_HFHFD_Vehicle","Pval_Female_HFHFD_PCBs_vs_Female_LFD_PCBs","log2FoldChange_Female_HFHFD_PCBs_vs_Female_LFD_PCBs","Pval_Female_HFHFD_PCBs_vs_Female_LFD_Vehicle","log2FoldChange_Female_HFHFD_PCBs_vs_Female_LFD_Vehicle","Pval_Female_HFHFD_PCBs_vs_Male_HFHFD_PCBs","log2FoldChange_Female_HFHFD_PCBs_vs_Male_HFHFD_PCBs","Pval_Female_HFHFD_PCBs_vs_Male_HFHFD_Vehicle","log2FoldChange_Female_HFHFD_PCBs_vs_Male_HFHFD_Vehicle","Pval_Female_HFHFD_PCBs_vs_Male_LFD_PCBs","log2FoldChange_Female_HFHFD_PCBs_vs_Male_LFD_PCBs","Pval_Female_HFHFD_PCBs_vs_Male_LFD_Vehicle","log2FoldChange_Female_HFHFD_PCBs_vs_Male_LFD_Vehicle","Pval_Female_HFHFD_Vehicle_vs_Female_LFD_PCBs","log2FoldChange_Female_HFHFD_Vehicle_vs_Female_LFD_PCBs","Pval_Female_HFHFD_Vehicle_vs_Female_LFD_Vehicle","log2FoldChange_Female_HFHFD_Vehicle_vs_Female_LFD_Vehicle","Pval_Female_HFHFD_Vehicle_vs_Male_HFHFD_PCBs","log2FoldChange_Female_HFHFD_Vehicle_vs_Male_HFHFD_PCBs","Pval_Female_HFHFD_Vehicle_vs_Male_HFHFD_Vehicle","log2FoldChange_Female_HFHFD_Vehicle_vs_Male_HFHFD_Vehicle","Pval_Female_HFHFD_Vehicle_vs_Male_LFD_PCBs","log2FoldChange_Female_HFHFD_Vehicle_vs_Male_LFD_PCBs","Pval_Female_HFHFD_Vehicle_vs_Male_LFD_Vehicle","log2FoldChange_Female_HFHFD_Vehicle_vs_Male_LFD_Vehicle","Pval_Female_LFD_PCBs_vs_Female_LFD_Vehicle","log2FoldChange_Female_LFD_PCBs_vs_Female_LFD_Vehicle","Pval_Female_LFD_PCBs_vs_Male_HFHFD_PCBs","log2FoldChange_Female_LFD_PCBs_vs_Male_HFHFD_PCBs","Pval_Female_LFD_PCBs_vs_Male_HFHFD_Vehicle","log2FoldChange_Female_LFD_PCBs_vs_Male_HFHFD_Vehicle","Pval_Female_LFD_PCBs_vs_Male_LFD_PCBs","log2FoldChange_Female_LFD_PCBs_vs_Male_LFD_PCBs","Pval_Female_LFD_PCBs_vs_Male_LFD_Vehicle","log2FoldChange_Female_LFD_PCBs_vs_Male_LFD_Vehicle","Pval_Female_LFD_Vehicle_vs_Male_HFHFD_PCBs","log2FoldChange_Female_LFD_Vehicle_vs_Male_HFHFD_PCBs","Pval_Female_LFD_Vehicle_vs_Male_HFHFD_Vehicle","log2FoldChange_Female_LFD_Vehicle_vs_Male_HFHFD_Vehicle","Pval_Female_LFD_Vehicle_vs_Male_LFD_PCBs","log2FoldChange_Female_LFD_Vehicle_vs_Male_LFD_PCBs","Pval_Female_LFD_Vehicle_vs_Male_LFD_Vehicle","log2FoldChange_Female_LFD_Vehicle_vs_Male_LFD_Vehicle","Pval_Male_HFHFD_PCBs_vs_Male_HFHFD_Vehicle","log2FoldChange_Male_HFHFD_PCBs_vs_Male_HFHFD_Vehicle","Pval_Male_HFHFD_PCBs_vs_Male_LFD_PCBs","log2FoldChange_Male_HFHFD_PCBs_vs_Male_LFD_PCBs","Pval_Male_HFHFD_PCBs_vs_Male_LFD_Vehicle","log2FoldChange_Male_HFHFD_PCBs_vs_Male_LFD_Vehicle","Pval_Male_HFHFD_Vehicle_vs_Male_LFD_PCBs","log2FoldChange_Male_HFHFD_Vehicle_vs_Male_LFD_PCBs","Pval_Male_HFHFD_Vehicle_vs_Male_LFD_Vehicle","log2FoldChange_Male_HFHFD_Vehicle_vs_Male_LFD_Vehicle","Pval_Male_LFD_PCBs_vs_Male_LFD_Vehicle","log2FoldChange_Male_LFD_PCBs_vs_Male_LFD_Vehicle","Female_HFHFD_PCBs_mean","Female_HFHFD_Vehicle_mean","Female_LFD_PCBs_mean","Female_LFD_Vehicle_mean","Male_HFHFD_PCBs_mean","Male_HFHFD_Vehicle_mean","Male_LFD_PCBs_mean","Male_LFD_Vehicle_mean","test"
"Akkermansiaceae",0.00280259441099042,5.95788389465764e-11,0.264752266577637,0.0323787222487887,0.769102373289315,0.535446634184774,0.26697451939182,0.999999805118071,-0.00558968412451303,0.128479371807881,0.100156847672574,0.00252821071706089,0.160257087989524,0.999999998106688,0.00288461453670626,0.994295133804304,0.0262472407303855,1.31748498766182e-05,0.233586371504062,8.17736497871202e-06,0.240404790257381,0.0913496115795716,0.105746531797087,0.0016147600284494,0.165846772114037,0.9999965435212,0.00847429866121907,0.982089180907598,0.0318369248548987,8.30282615238431e-06,0.239176055628575,5.16133661276896e-06,0.245994474381894,0.750417599059839,0.0601002403169499,0.15195427508685,-0.0972722331358678,0.464595429740513,-0.0739096069421882,0.0302596227305137,0.133429523831488,0.0199858699870603,0.140247942584807,0.00317779974802845,-0.157372473452818,0.0186021342248541,-0.134009847259138,0.588422280599645,0.0733292835145377,0.482179777494487,0.080147702267857,0.997230500839634,0.0233626261936797,1.67160563810942e-05,0.230701756967355,1.03682769440061e-05,0.237520175720675,0.000113620521038249,0.207339130773676,7.03307015335053e-05,0.214157549526995,0.99999975572647,0.00681841875331925,9.85356279916558,9.89181422420098,9.19269970474645,8.81761430596676,9.83388065392845,9.67591583489779,8.38063226102978,8.34111743763507,"tukey-test"
"Clostridiaceae_1",0.119510135969575,1.41837048929271e-06,0.899627169183884,0.558411087753237,0.0153430392797235,0.124808048508188,0.105451805823841,0.999898528939852,-0.202335525282748,0.00068551289378771,-1.49304795084753,0.477344672194204,-0.813346868570417,0.97798292400111,0.631768371029883,0.999963314047846,-0.175691415823703,0.710605788629085,-0.695158420950906,0.0766888553244774,-1.09536572915541,0.00211477653060876,-1.29071242556478,0.730308582311523,-0.61101134328767,0.869900877131063,0.83410389631263,0.999999999877884,0.0266441094590443,0.907566531450945,-0.492822895668158,0.176728940685537,-0.893030203872664,0.1207367986326,0.679701082277111,4.5687459955035e-05,2.12481632187741,0.00180931555932584,1.31735653502382,0.0536026173929877,0.797889529896622,0.61180686133045,0.397682221692117,0.0886936571543634,1.4451152396003,0.696442566024967,0.637655452746714,0.999942967430118,0.118188447619511,0.968138446293969,-0.282018860584994,0.892447109274019,-0.807459786853586,0.188270974424205,-1.32692679198079,0.00742167345667921,-1.72713410018529,0.886862167218479,-0.519467005127202,0.158440349366104,-0.919674313331708,0.855443497300165,-0.400207308204505,1.89183033400779,2.17666326104285,5.3251813572113,3.32448202462173,1.220958646483,2.13683294511629,3.06299100340336,4.04222166532263,"tukey-test"
"Coprobacillaceae",0.983573672114967,0.000400504236409194,0.968660022528752,0.311472660650084,0.777618709646765,0.147441643576055,0.323754265722645,0.956226796625448,-0.202314425375907,0.911130785512263,0.275115115052076,0.174728943166833,0.665040853434876,0.999999775466584,0.0337108636038749,0.999999234934102,-0.039218322459562,0.856590206886181,0.309478469151954,0.799066386801216,0.339299975172217,0.31020437352232,0.477429540427983,0.014924850398753,0.867355278810783,0.911075994414303,0.236025288979782,0.985563002891822,0.163096102916346,0.245194905000244,0.511792894527862,0.197955848352745,0.541614400548124,0.848023824607964,0.3899257383828,0.956261125822469,-0.241404251448201,0.829541328988694,-0.314333437511638,0.999999932043937,0.0343633540998785,0.99999518897571,0.0641848601201413,0.23719721678485,-0.631329989831001,0.117743785880268,-0.704259175894438,0.90460121497889,-0.355562384282922,0.940715205358647,-0.325740878262659,0.99995002700766,-0.0729291860634368,0.919656841656072,0.275767605548079,0.876743330464549,0.305589111568342,0.755666195660613,0.348696791611516,0.685281563890111,0.378518297631779,0.999999978336698,0.0298215060202628,4.16635108116144,4.79356448380097,3.44300744228073,2.62759615765988,4.0701262644886,4.28116291538509,3.36196788944701,3.29318700721092,"tukey-test"
"Eggerthellaceae",0.698684926348586,1.78122799491725e-05,0.976122623312441,0.0574909092356389,0.352940856062193,0.757282411798401,0.37048062000431,0.999999840573824,-0.0116713333580703,0.604246981785649,0.142795115078798,0.957026409762667,0.0822581819754271,0.926727401423284,-0.0862531156954563,0.883962414257859,-0.0948710177019055,0.689405289615134,0.131730418832559,0.132505715283683,0.223754673867595,0.503861446773384,0.154466448436868,0.914984844781987,0.0939295153334975,0.96436334764605,-0.0745817823373861,0.936463616136396,-0.0831996843438352,0.589983735402355,0.143401752190629,0.0953213792889375,0.235426007225666,0.994307095092669,-0.0605369331033708,0.0803299177872182,-0.229048230774254,0.0609372677052188,-0.237666132780704,0.999999944884105,-0.011064696246239,0.976783589638045,0.080959558788797,0.337471729356835,-0.168511297670884,0.27610984808258,-0.177129199677333,0.998336799160605,0.049472236857132,0.677671226700345,0.141496491892168,0.99999997097499,-0.00861790200644909,0.107506579761638,0.217983534528015,0.00765922904631233,0.310007789563051,0.0824551361775329,0.226601436534465,0.00551353459089043,0.318625691569501,0.952936609336975,0.0920242550350361,5.93731410134269,5.98554150195069,5.37779709383354,5.6082561959842,6.303108746918,6.34087288541638,5.41920047761541,5.08432327625204,"tukey-test"
"Enterococcaceae",1.6571486603601e-05,0.000481010048270318,0.320446532648484,0.156366392733982,0.232169453988921,0.975318682972285,0.370015742378343,0.999971617192071,0.0853561213358738,0.0674686044096955,1.10004129479021,0.206015586707189,0.837090926779546,0.0683006947960301,1.09714416280574,0.0144625408349494,1.48593932986648,0.0110618798405852,1.55996112905407,0.000138656954480898,3.89292902466743,0.137782424416365,1.01468517345433,0.361604816931511,0.751734805443672,0.139304046348435,1.01178804146987,0.0332657961177619,1.40058320853061,0.0258135701616296,1.4746050077182,0.000359449803788991,3.80757290333155,0.999279957170867,-0.26295036801066,1,-0.00289713198446161,0.99798820887778,0.385898035076273,0.994862641159092,0.459919834263865,0.311422694938762,2.79288772987722,0.999325729725302,0.260053236026199,0.931502009933327,0.648848403086933,0.897658041875503,0.722870202274526,0.113275859188701,3.05583809788788,0.997877018927362,0.388795167060735,0.994628226006408,0.462816966248327,0.308687234865985,2.79578486186168,0.999999991303943,0.0740217991875925,0.694645759067642,2.40698969480095,0.756089089057498,2.33296789561336,4.1188299285943,3.88221074210124,1.92144710588026,2.30560222047765,1.92530951532325,1.47048822004872,1.39694326402365,0.277258872223978,"tukey-test"
"Erysipelotrichaceae",0.157062716317815,5.75397156072597e-12,0.56238817503734,0.0182526393279166,0.00897238887142829,0.589509311741871,0.862698208965811,0.994988801913607,0.135623650902982,0.0170686018288065,0.85460963436127,0.000320829557467706,1.4114418010209,0.992792124553621,0.144468486125465,0.955502161322047,-0.178501280706988,1.13761040254623e-06,2.89480537715503,7.93684270259387e-05,1.66001770800748,0.0970991244163356,0.718985983458287,0.0025377690852848,1.27581815011791,0.999999999971867,0.00884483522248277,0.60962199372993,-0.31412493160997,9.09232762424939e-06,2.75918172625205,0.00064871624187457,1.5243940571045,0.822964140626603,0.556832166659626,0.107005489099884,-0.710141148235804,0.000921077347475707,-1.03311091506826,0.0305236702802945,2.04019574279376,0.53008274630917,0.805408073646213,0.00287696991344322,-1.26697331489543,1.45377436258087e-05,-1.58994308172788,0.504629419973029,1.48336357613414,0.999633974337627,0.248575906986588,0.58037251090993,-0.322969766832453,1.03556088071333e-05,2.75033689102957,0.000738008257836431,1.51554922188202,5.90543671741273e-08,3.07330665786202,3.62747320958867e-06,1.83851898871447,0.802488376460176,-1.23478766914755,4.29939107760399,3.91363359863892,2.37762750598147,1.61629500802741,3.88971340058786,4.865653640226,0.578074351579233,1.36047895266486,"tukey-test"
"Lachnospiraceae",0.610836549626934,0.0522249993611208,0.16355081454861,0.0859282132283939,0.325398051729353,0.666353086082119,0.32205276207514,0.999624494987293,-0.00565690331489854,0.998660712281078,0.00691065189611984,0.87865573574561,-0.0152967953514335,0.998092388773988,0.00730695567553874,0.999999950214839,0.00154021002112955,0.776661025502759,-0.0177156976419791,0.814481485484272,-0.0168993672902145,0.954302075703025,0.0125675552110184,0.989007868285544,-0.00963989203653512,0.946454407258951,0.012963858990437,0.998222837187994,0.0071971133360279,0.961499846039605,-0.0120587943270808,0.973632608526134,-0.011242463975316,0.539824381420627,-0.0222074472475533,0.999999999996407,0.00039630377941894,0.999742061337535,-0.00537044187499033,0.409549766667237,-0.0246263495380991,0.452183694257961,-0.0238100191863344,0.518148501946759,0.022603751026972,0.818024762671236,0.0168370053725631,0.999998754615508,-0.00241890229054562,0.999999928786196,-0.00160257193878098,0.999587721096586,-0.00576674565440908,0.389856805352507,-0.0250226533175179,0.43161641622883,-0.0242063229657532,0.699079825823423,-0.0192559076631087,0.741713900637557,-0.018439577311344,0.999999999354228,0.000816330351764745,10.2102085368158,10.2503220367767,10.1614175784133,10.3190426295843,10.1586266523867,10.199314013967,10.3363586195451,10.3305115789403,"tukey-test"
"Lactobacillaceae",0.893037987217541,4.22853226714319e-07,0.204545060212485,0.0148667741827476,0.660898786977414,0.909128807148535,0.743923874577523,0.999361753833811,-0.20504996795757,0.507929941077122,-0.648820367947008,0.323298508877915,-0.730493699457899,0.900961716413088,0.656084836497809,0.998149699263455,0.286724343317335,0.0950023444280279,-0.883865212664749,0.00665544249101169,-1.10953562141183,0.827045021599279,-0.443770399989439,0.644258520602412,-0.52544373150033,0.618489664175995,0.861134804455379,0.936602956079733,0.491774311274905,0.266824503817177,-0.678815244707179,0.0261504202799058,-0.904485653454256,0.999979563502845,-0.0816733315108907,0.0477028263126043,1.30490520444482,0.188399022311641,0.935544711264343,0.975688381853261,-0.23504484471774,0.460324181950139,-0.460715253464818,0.0220796879996309,1.38657853595571,0.099253531297276,1.01721804277523,0.99773524848229,-0.15337151320685,0.661635359533638,-0.379041921953927,0.997806467320948,-0.369360493180474,0.00405345435442406,-1.53995004916256,0.000192011702193629,-1.76562045790964,0.0218993481557896,-1.17058955598208,0.00119322697557167,-1.39625996472916,0.954077605242299,-0.225670408747077,3.75610013783718,4.32975530521704,5.88913560477609,6.23214683627645,2.38361410437349,3.0791052501658,6.93117881499808,8.10476945073017,"tukey-test"
"Muribaculaceae",0.000112045646610393,0.00859605601093491,0.262871984933646,0.296130573005654,0.120015227902241,0.374741646081959,0.655429047861082,0.470302521849992,0.0947685530730675,0.908157998297362,-0.0552783086633427,0.999099670918781,-0.0250231109824119,0.682338547486635,-0.0746778811509061,0.679898698286879,-0.074846379368999,0.298454713369022,-0.101862458763214,0.129114690505121,-0.120712042246059,0.0434316229456078,-0.15004686173641,0.190721812234988,-0.119791664055479,0.0142535595005833,-0.169446434223974,0.0141099590716881,-0.169614932442067,0.00257009675987496,-0.196631011836282,0.000727864736689621,-0.215480595319127,0.996614342334884,0.030255197680931,0.999784793236988,-0.0193995724875635,0.999771978999729,-0.0195680707056564,0.952992035540377,-0.0465841500998716,0.775034856159315,-0.0654337335827166,0.94121648774366,-0.0496547701684944,0.94019265002141,-0.0498232683865872,0.631299141796571,-0.0768393477808025,0.354521003014961,-0.0956889312636476,1,-0.000168498218092983,0.997863574248109,-0.0271845776123082,0.952656664686565,-0.0460341610951532,0.99794495125565,-0.0270160793942152,0.953530217047033,-0.0458656628770603,0.999779965879816,-0.0188495834828451,8.52466309931115,7.9826860125467,8.85763241428093,8.67381053293307,8.97754326176222,8.97859184676474,9.14831015156997,9.26862198169393,"tukey-test"
"Oscillospiraceae",3.73239730631646e-07,1.55334669340005e-12,0.302512549978425,0.943760611743668,0.14201823605824,0.439894201010431,0.815111209256622,0.999991574710334,-0.011883208878462,2.01534200670039e-05,-0.239186447864921,0.000165658931871704,-0.212322716001999,0.0131062415911309,0.170891932375399,0.359168491659472,0.0984409301984154,0.486369996891213,-0.0834680495895834,0.081787125063532,-0.123247296210152,4.4845762357193e-05,-0.227303238986459,0.000367575161417055,-0.200439507123537,0.0062918315649475,0.182775141253861,0.225617957257608,0.110324139076877,0.663855089432902,-0.0715848407111214,0.146970418977576,-0.11136408733169,0.995037497172343,0.0268637318629224,7.95976617951055e-10,0.41007838024032,4.16542245140761e-08,0.337627378063337,0.00585995846736853,0.155718398275338,0.0706200318319288,0.11593915165477,5.03924257877486e-09,0.383214648377397,3.0394488570451e-07,0.310763646200414,0.03820710089812,0.128854666412415,0.299321647463751,0.0890754197918471,0.77504057390991,-0.0724510021769836,4.83974181759717e-05,-0.254359981964982,2.80002037189586e-06,-0.29413922858555,0.00379874647588174,-0.181908979787999,0.000230225834967013,-0.221688226408567,0.970543483497247,-0.039779246620568,7.7295370690026,7.79346674527364,9.123380325981,8.95507011504474,6.86609624197004,7.21971096826197,8.1899239856897,8.41888577809419,"tukey-test"
"Peptostreptococcaceae",0.0881340563499704,0.612924523965695,0.24844489167891,0.960384535378667,0.378692738694661,0.370482979792734,0.849225356840548,0.996667548774802,-0.0657071377529451,0.999993548187991,-0.0259692781676607,0.999999934218495,0.013582651575667,0.908364637127304,0.127496117421775,0.999999939414339,-0.0132986914384633,0.94579652631337,0.11397248056761,0.999787424452971,0.0445653965350808,0.999864430788137,0.0397378595852844,0.989908596499696,0.0792897893286122,0.531184167562196,0.19320325517472,0.999183368243746,0.0524084463144818,0.612755951281986,0.179679618320555,0.941884633770491,0.110272534288026,0.999890717747148,0.0395519297433278,0.788776863708114,0.153465395589436,0.99999995395361,0.0126705867291973,0.852094415443947,0.139941758735271,0.995690246674553,0.0705346747027414,0.948461276511435,0.113913465846108,0.999992317306037,-0.0268813430141304,0.97292754528337,0.100389828991943,0.999982291237455,0.0309827449594136,0.853972602491364,-0.140794808860238,0.999999963194959,-0.0135236368541646,0.991686161342865,-0.0829307208866941,0.905081517122542,0.127271172006074,0.998791524555861,0.0578640879735442,0.997110257140844,-0.0694070840325295,7.07093374436712,7.40042373311858,7.19936677667225,7.00467487813161,6.47286593675678,7.13641459740824,6.53382701974377,6.85584904812262,"tukey-test"
"Streptococcaceae",0.947833744041085,0.0197620560264075,0.527785434680498,0.000257427384911461,0.45875849543135,0.404972233274642,0.846835433954969,0.999944413202169,0.0865007383378309,0.094055137571581,0.904117092472595,0.00796326316819096,1.41915637966886,0.207854351750641,0.744496964750733,0.507014868397253,0.540683887009319,0.922102921410884,0.305788825689179,0.701564546831643,0.442211414583878,0.197584019063154,0.817616354134764,0.0206054169315147,1.33265564133103,0.383667565179338,0.657996226412902,0.737980524335955,0.454183148671488,0.988958231946656,0.219288087351349,0.889569166965272,0.355710676246047,0.968046813421828,0.515039287196269,0.999909899603016,-0.159620127721862,0.975240518369928,-0.363433205463276,0.659868630691087,-0.598328266783415,0.899398781041761,-0.461905677888717,0.843346060297798,-0.674659414918131,0.503194314997713,-0.878472492659544,0.140765816778123,-1.11336755397968,0.324851867356489,-0.976944965084986,0.998960424601081,-0.203813077741414,0.873559997315791,-0.438708139061554,0.98554183110479,-0.302285550166855,0.99346930832597,-0.23489506132014,0.999983763346456,-0.098472472425441,0.999746360753458,0.136422588894699,2.93136450773334,2.76077178814876,1.56640283610109,1.0961277846684,1.74966098247592,2.01515175469532,2.37147317424812,2.1575005991717,"tukey-test"
"Turicibacteraceae",0.107280712349077,5.5085419104532e-10,0.015586712577132,0.395417382743377,0.0293308657979762,0.869531088370182,0.248916369585574,0.997922742111761,-0.387706708760725,0.00020052431771822,-1.82818064762633,0.000569058976667258,-1.75449354411113,0.978041292774144,0.882214755141758,0.992105244321899,-0.467960076431849,0.315606656830857,-1.08026111939857,0.000150399168656667,-1.84776168604677,0.0012258157390892,-1.4404739388656,0.00337778274339517,-1.3667868353504,0.751175283620701,1.26992146390248,0.999999855889759,-0.0802533676711235,0.701671291063878,-0.692554410637845,0.00092453324443087,-1.46005497728605,0.999946305011678,0.0736871035152013,1.32760762880935e-05,2.71039540276809,0.00188825476785248,1.36022057119448,0.0881368246751651,0.74791952822776,0.999999992972598,-0.0195810384204423,3.78793898584417e-05,2.63670829925289,0.00514353410179125,1.28653346767928,0.186084296963351,0.674232424712559,0.999727524737156,-0.0932681419356435,0.657373210449374,-1.35017483157361,0.046695666919565,-1.96247587454033,9.96568698119482e-06,-2.72997644118853,0.790890109822999,-0.612301042966722,0.0014275748661795,-1.37980160961492,0.0705888197208618,-0.767500566648202,1.25381925674125,1.64038687023884,4.45217419452115,4.23048461146227,0.680239476332431,1.7342230547377,2.6510989380015,4.51301345159187,"tukey-test"
"unclassifed",4.12867289901865e-07,1.29618873261357e-07,0.638325162889797,0.268858679239543,0.67771774929171,0.824030427333784,0.994671845214483,0.999099685193214,0.0350585289650688,0.0120380017156828,-0.217780867244867,0.0277519508207692,-0.200118270962415,0.125868911595348,0.184892628765861,0.0945826499433305,0.19446583944962,0.999999977606666,0.00735479642469302,0.999999999992483,0.00234009132037269,0.00268416203347033,-0.252839396209935,0.00657050824097516,-0.235176799927484,0.347806651909147,0.149834099800792,0.279284233045019,0.159407310484551,0.999811385762037,-0.0277037325403758,0.999428196618252,-0.032718437644696,0.999973397268305,0.0176625962824513,4.52484806157116e-06,0.402673496010728,3.08159018014287e-06,0.412246706694486,0.00882720801443038,0.22513566366956,0.0109103313539783,0.220120958565239,1.15759703248619e-05,0.385010899728277,7.86118037565675e-06,0.394584110412035,0.0206638059852163,0.207473067387109,0.0252794967514657,0.202458362282788,0.999999942734205,0.00957321068375866,0.159741070919048,-0.177537832341168,0.135965475363608,-0.182552537445489,0.121507614309564,-0.187111043024927,0.102556621772937,-0.192125748129247,0.999999998464316,-0.00501470510432028,5.28395181591662,5.15709557132663,6.14493682263373,6.07016436555233,4.64836926976816,4.61762645812137,5.25708300611299,5.27538804691348,"tukey-test"
