"","family","AF14","AF15","AF16","AF19","AF20","AF22","AF24","AF34","AF35","AF37","AF39","AF4","AF44","AF46","AF51","AF53","AF54","AF60","AF7","AF8","AM1","AM11","AM14","AM2","AM23","AM24","AM27","AM29","AM30","AM32","AM33","AM39","AM42","AM45","AM49","AM53","AM54","AM55","AM58","AM7"
"1","Lachnospiraceae",36215,26596,26920,28133,22630,26558,25526,34397,27284,23597,28642,27377,28571,25609,24390,25084,31648,29906,32394,29915,30139,25636,30717,32450,28879,37060,27101,34012,28245,30303,28378,29032,20608,27294,30589,24538,27569,27159,20387,35138
"2","Akkermansiaceae",4629,5464,7266,5156,12084,13034,15508,15679,21257,25037,19731,7198,18329,24306,24266,19797,15381,13878,9292,8290,3577,5492,5630,3018,2035,6876,5374,2585,8111,19975,18522,9647,24901,11536,11332,19116,20490,17578,28951,3877
"3","Muribaculaceae",3975,8191,8913,9535,10776,3963,4720,1600,3309,2781,3052,4075,4795,2680,4088,6979,5934,7142,7003,7353,12838,10546,13731,7908,5405,5917,17468,12823,10231,3617,6694,13467,7472,12874,12848,10093,5726,8469,4962,9099
"4","Oscillospiraceae",9112,14012,10298,10576,7262,9246,8848,2061,2794,2615,2535,4234,2191,2048,1901,2288,2333,2923,6152,8385,6306,4693,3911,3609,4939,2016,4714,5413,2391,961,1352,1724,849,2492,1290,973,936,1789,384,4571
"5","Lactobacillaceae",187,540,1014,153,130,963,310,63,25,119,107,10757,116,31,40,93,13,82,118,261,1765,8824,1141,8158,12087,7,1593,1362,5350,25,3,12,398,8,63,0,0,10,212,2736
"6","Peptostreptococcaceae",1021,881,1039,2140,2595,1112,667,1685,1229,1582,1739,1052,2055,951,1003,1388,747,2276,1085,1574,1469,939,627,959,2401,3759,87,106,1812,683,1001,1798,1422,1787,212,895,1150,627,823,925
"7","Eggerthellaceae",555,189,299,218,180,279,142,699,307,371,369,266,334,433,497,557,351,183,218,243,222,66,278,226,157,814,93,188,255,801,549,409,832,389,267,638,562,774,650,115
"8","unclassifed",557,626,513,509,418,510,392,205,228,157,129,256,162,229,189,254,160,165,340,494,278,151,266,179,154,213,207,169,221,72,75,216,64,135,68,150,170,161,42,139
"9","Coprobacillaceae",17,18,43,33,64,21,13,92,179,240,288,4,21,278,102,40,10,85,10,26,33,11,73,66,42,12,57,27,21,86,20,248,74,57,10,212,67,93,45,6
"10","Clostridiaceae_1",94,82,190,102,244,338,223,3,5,9,5,19,36,18,4,2,4,8,6,14,29,228,177,48,508,9,10,1,39,8,6,6,10,8,0,7,6,7,0,9
"11","Erysipelotrichaceae",21,6,20,4,6,32,5,93,20,32,61,2,77,81,98,114,53,42,6,0,4,1,4,8,17,0,0,0,0,172,125,143,92,125,11,91,42,63,91,1
"12","Turicibacteraceae",221,40,50,155,295,51,37,1,0,15,5,49,18,15,0,0,2,10,74,44,59,129,143,51,67,27,2,3,24,5,5,5,2,8,0,2,4,1,0,107
"13","Enterococcaceae",1,19,12,1,12,1,21,73,61,162,59,8,5,39,128,76,78,27,2,93,0,0,0,1,3,1,14,0,8,12,0,7,4,2,37,6,2,0,18,1
"14","Streptococcaceae",1,1,6,2,4,5,3,7,23,17,12,1,21,12,23,58,17,6,4,5,12,18,1,13,35,19,6,6,3,10,1,17,3,14,4,13,4,1,8,6
