"","genus","AF14","AF15","AF16","AF19","AF20","AF22","AF24","AF34","AF35","AF37","AF39","AF4","AF44","AF46","AF51","AF53","AF54","AF60","AF7","AF8","AM1","AM11","AM14","AM2","AM23","AM24","AM27","AM29","AM30","AM32","AM33","AM39","AM42","AM45","AM49","AM53","AM54","AM55","AM58","AM7"
"1","Acetatifactor",19241,11950,12755,13111,14270,16188,13711,25512,20042,16871,21260,16616,21043,19426,15836,18306,24193,22682,15084,15760,9328,12651,15510,9685,13507,21345,15277,20070,16880,16474,17573,17112,13372,15095,20614,14528,18726,17668,12800,18623
"2","unclassifed",21637,23025,19633,22569,14029,15340,16968,9525,8815,8182,8709,12908,8696,6844,8773,8082,8466,8761,19070,19653,24183,15294,17328,24340,18068,17170,14631,17261,12472,12660,10538,10685,6879,11491,9698,9580,8691,9522,6650,18314
"3","Akkermansia",4629,5464,7266,5156,12084,13034,15508,15679,21257,25037,19731,7198,18329,24306,24266,19797,15381,13878,9292,8290,3577,5492,5630,3018,2035,6876,5374,2585,8111,19975,18522,9647,24901,11536,11332,19116,20490,17578,28951,3877
"4","Muribaculum",1105,2291,2645,3804,7056,1952,2699,1486,3164,2416,3001,2784,4596,2675,3979,6496,5787,6128,2169,2979,5421,7897,6876,3406,3827,4117,9735,5631,7781,3535,6523,11838,7120,11624,12660,9047,5338,7994,4332,3496
"5","Paramuribaculum",2860,5824,6245,5651,3582,2004,1997,111,130,356,50,1243,189,5,100,451,135,944,4770,4359,7321,2635,6657,4460,1572,1684,7538,7041,2318,82,165,1543,337,1236,159,982,353,420,616,5581
"6","Lactobacillus",187,488,991,148,126,962,308,63,25,119,107,10750,116,31,40,93,13,82,118,261,1765,8816,1141,8146,12080,7,1591,1362,5339,25,3,12,398,8,63,0,0,10,212,2733
"7","Romboutsia",1021,881,1039,2138,2592,1108,667,1685,1229,1582,1738,1052,2053,951,1003,1388,744,2271,1085,1574,1467,939,627,958,2400,3747,87,106,1808,683,995,1786,1422,1787,212,895,1149,627,821,924
"8","Flintibacter",2544,3939,2732,1635,831,2481,2252,483,486,331,313,1172,234,648,496,281,256,482,1939,1142,1736,821,897,615,1144,431,917,1226,441,310,418,705,171,459,505,263,308,590,162,1120
"9","Adlercreutzia",555,189,299,218,180,279,142,697,307,370,369,265,334,433,497,557,351,183,218,243,222,66,278,226,157,814,93,188,255,801,549,409,832,389,267,638,560,774,650,115
"10","Laedolimicola",543,325,339,551,178,422,486,220,169,155,166,361,130,168,416,264,242,195,849,528,301,227,344,516,518,183,372,268,272,351,264,258,259,461,160,267,197,309,150,619
"11","Faecalicatena",457,239,191,391,137,265,192,493,332,419,529,100,333,297,463,414,512,425,460,142,169,58,60,81,61,52,153,56,96,299,210,331,264,415,405,431,370,345,285,171
"12","Schaedlerella",195,218,195,138,111,354,316,131,120,106,130,241,156,236,359,162,236,173,206,69,415,722,333,669,203,101,339,211,217,576,259,300,251,395,372,222,228,340,213,314
"13","Dysosmobacter",537,501,1057,232,493,536,145,141,56,42,29,134,184,5,53,22,19,122,403,882,427,458,315,177,105,20,195,175,342,10,1,2,5,15,27,0,12,21,0,374
"14","Dorea",0,11,6,7,7,2,18,2,3,0,3,12,2,71,3,0,0,0,2,26,34,11,0,48,9,4,42,0,12,451,470,1451,305,1549,0,307,20,279,499,9
"15","Anaerotignum",375,527,387,298,149,348,317,9,36,29,4,92,7,9,2,39,33,39,412,265,71,60,88,32,35,10,88,130,26,1,0,3,1,2,0,7,0,1,1,75
"16","Intestinimonas",198,430,287,216,146,209,222,38,41,82,36,55,20,10,16,22,30,44,405,187,114,122,61,37,175,63,81,172,91,2,5,48,1,4,2,13,5,3,1,160
"17","Thomasclavelia",17,18,43,33,64,21,13,92,179,239,288,4,21,277,102,40,10,85,10,26,33,11,73,66,42,12,57,27,21,80,20,245,71,56,10,205,67,92,45,6
"18","Clostridium_sensu stricto",94,82,190,102,244,338,223,0,5,9,5,19,36,18,2,2,4,8,6,14,29,228,177,48,506,9,10,1,38,8,6,6,10,8,0,7,6,3,0,9
"19","Sporofaciens",58,54,78,58,30,52,40,78,124,55,52,115,59,57,16,27,38,71,41,77,23,46,65,31,38,19,34,58,42,50,0,84,0,0,72,46,19,17,22,25
"20","Eisenbergiella",60,12,19,0,1,81,72,1,1,52,6,68,55,72,34,23,38,14,5,7,10,21,70,52,116,1,47,72,95,136,56,63,27,26,113,56,121,74,35,34
"21","Turicibacter",221,40,50,155,295,51,37,1,0,15,5,49,18,15,0,0,2,10,74,44,59,129,143,51,67,27,2,3,24,5,5,5,2,8,0,2,4,1,0,107
"22","Longibaculum",14,2,13,0,3,31,5,87,19,30,56,2,44,54,64,63,34,30,6,0,0,1,4,1,6,0,0,0,0,166,114,138,79,114,9,91,40,55,83,0
"23","Enterococcus",1,19,12,1,12,1,21,73,61,162,59,8,5,39,128,76,78,27,2,93,0,0,0,1,3,1,14,0,8,12,0,7,4,2,37,6,2,0,18,1
"24","Butyricicoccus",10,41,42,44,51,30,21,21,64,20,45,21,23,16,21,27,73,28,6,22,11,4,7,10,10,4,28,41,9,9,7,2,3,5,5,0,10,2,1,34
"25","Lactococcus",1,1,6,2,4,5,3,7,21,17,12,1,21,12,23,58,17,6,4,5,12,18,1,13,35,19,6,6,3,10,1,17,3,14,4,13,4,1,8,6
"26","Monoglobus",0,0,0,0,3,0,0,18,25,28,19,2,25,24,26,26,26,9,0,0,0,0,0,0,0,6,2,1,4,11,24,3,8,7,3,10,6,6,6,0
"27","Fumia",33,31,16,25,4,9,27,0,2,4,0,8,0,0,0,2,0,6,56,12,0,4,11,6,7,5,7,3,3,0,0,0,1,0,0,0,0,0,0,3
