"","AF46","AF51","AF53","AF54","AF60","AF34","AF35","AF37","AF39","AF44","AF16","AF19","AF20","AF22","AF24","AF4","AF7","AF8","AF14","AF15","AM49","AM53","AM54","AM55","AM58","AM32","AM33","AM39","AM42","AM45","AM23","AM24","AM27","AM29","AM30","AM1","AM2","AM7","AM11","AM14"
"Acetatifactor",19426,15836,18306,24193,22682,25512,20042,16871,21260,21043,12755,13111,14270,16188,13711,16616,15084,15760,19241,11950,20614,14528,18726,17668,12800,16474,17573,17112,13372,15095,13507,21345,15277,20070,16880,9328,9685,18623,12651,15510
"unclassifed",6844,8773,8082,8466,8761,9525,8815,8182,8709,8696,19633,22569,14029,15340,16968,12908,19070,19653,21637,23025,9698,9580,8691,9522,6650,12660,10538,10685,6879,11491,18068,17170,14631,17261,12472,24183,24340,18314,15294,17328
"Akkermansia",24306,24266,19797,15381,13878,15679,21257,25037,19731,18329,7266,5156,12084,13034,15508,7198,9292,8290,4629,5464,11332,19116,20490,17578,28951,19975,18522,9647,24901,11536,2035,6876,5374,2585,8111,3577,3018,3877,5492,5630
"Muribaculum",2675,3979,6496,5787,6128,1486,3164,2416,3001,4596,2645,3804,7056,1952,2699,2784,2169,2979,1105,2291,12660,9047,5338,7994,4332,3535,6523,11838,7120,11624,3827,4117,9735,5631,7781,5421,3406,3496,7897,6876
"Paramuribaculum",5,100,451,135,944,111,130,356,50,189,6245,5651,3582,2004,1997,1243,4770,4359,2860,5824,159,982,353,420,616,82,165,1543,337,1236,1572,1684,7538,7041,2318,7321,4460,5581,2635,6657
"Lactobacillus",31,40,93,13,82,63,25,119,107,116,991,148,126,962,308,10750,118,261,187,488,63,0,0,10,212,25,3,12,398,8,12080,7,1591,1362,5339,1765,8146,2733,8816,1141
"Romboutsia",951,1003,1388,744,2271,1685,1229,1582,1738,2053,1039,2138,2592,1108,667,1052,1085,1574,1021,881,212,895,1149,627,821,683,995,1786,1422,1787,2400,3747,87,106,1808,1467,958,924,939,627
"Flintibacter",648,496,281,256,482,483,486,331,313,234,2732,1635,831,2481,2252,1172,1939,1142,2544,3939,505,263,308,590,162,310,418,705,171,459,1144,431,917,1226,441,1736,615,1120,821,897
"Adlercreutzia",433,497,557,351,183,697,307,370,369,334,299,218,180,279,142,265,218,243,555,189,267,638,560,774,650,801,549,409,832,389,157,814,93,188,255,222,226,115,66,278
"Laedolimicola",168,416,264,242,195,220,169,155,166,130,339,551,178,422,486,361,849,528,543,325,160,267,197,309,150,351,264,258,259,461,518,183,372,268,272,301,516,619,227,344
"Faecalicatena",297,463,414,512,425,493,332,419,529,333,191,391,137,265,192,100,460,142,457,239,405,431,370,345,285,299,210,331,264,415,61,52,153,56,96,169,81,171,58,60
"Schaedlerella",236,359,162,236,173,131,120,106,130,156,195,138,111,354,316,241,206,69,195,218,372,222,228,340,213,576,259,300,251,395,203,101,339,211,217,415,669,314,722,333
"Dysosmobacter",5,53,22,19,122,141,56,42,29,184,1057,232,493,536,145,134,403,882,537,501,27,0,12,21,0,10,1,2,5,15,105,20,195,175,342,427,177,374,458,315
"Dorea",71,3,0,0,0,2,3,0,3,2,6,7,7,2,18,12,2,26,0,11,0,307,20,279,499,451,470,1451,305,1549,9,4,42,0,12,34,48,9,11,0
"Anaerotignum",9,2,39,33,39,9,36,29,4,7,387,298,149,348,317,92,412,265,375,527,0,7,0,1,1,1,0,3,1,2,35,10,88,130,26,71,32,75,60,88
"Intestinimonas",10,16,22,30,44,38,41,82,36,20,287,216,146,209,222,55,405,187,198,430,2,13,5,3,1,2,5,48,1,4,175,63,81,172,91,114,37,160,122,61
"Thomasclavelia",277,102,40,10,85,92,179,239,288,21,43,33,64,21,13,4,10,26,17,18,10,205,67,92,45,80,20,245,71,56,42,12,57,27,21,33,66,6,11,73
"Clostridium_sensu stricto",18,2,2,4,8,0,5,9,5,36,190,102,244,338,223,19,6,14,94,82,0,7,6,3,0,8,6,6,10,8,506,9,10,1,38,29,48,9,228,177
"Sporofaciens",57,16,27,38,71,78,124,55,52,59,78,58,30,52,40,115,41,77,58,54,72,46,19,17,22,50,0,84,0,0,38,19,34,58,42,23,31,25,46,65
"Eisenbergiella",72,34,23,38,14,1,1,52,6,55,19,0,1,81,72,68,5,7,60,12,113,56,121,74,35,136,56,63,27,26,116,1,47,72,95,10,52,34,21,70
"Turicibacter",15,0,0,2,10,1,0,15,5,18,50,155,295,51,37,49,74,44,221,40,0,2,4,1,0,5,5,5,2,8,67,27,2,3,24,59,51,107,129,143
"Longibaculum",54,64,63,34,30,87,19,30,56,44,13,0,3,31,5,2,6,0,14,2,9,91,40,55,83,166,114,138,79,114,6,0,0,0,0,0,1,0,1,4
"Enterococcus",39,128,76,78,27,73,61,162,59,5,12,1,12,1,21,8,2,93,1,19,37,6,2,0,18,12,0,7,4,2,3,1,14,0,8,0,1,1,0,0
"Butyricicoccus",16,21,27,73,28,21,64,20,45,23,42,44,51,30,21,21,6,22,10,41,5,0,10,2,1,9,7,2,3,5,10,4,28,41,9,11,10,34,4,7
"Lactococcus",12,23,58,17,6,7,21,17,12,21,6,2,4,5,3,1,4,5,1,1,4,13,4,1,8,10,1,17,3,14,35,19,6,6,3,12,13,6,18,1
"Monoglobus",24,26,26,26,9,18,25,28,19,25,0,0,3,0,0,2,0,0,0,0,3,10,6,6,6,11,24,3,8,7,0,6,2,1,4,0,0,0,0,0
"Fumia",0,0,2,0,6,0,2,4,0,0,16,25,4,9,27,8,56,12,33,31,0,0,0,0,0,0,0,0,1,0,7,5,7,3,3,0,6,3,4,11
