"","sample","shannon","simpson","chao"
"14","AF46",2.121896,0.267619,396.058482
"15","AF51",2.221486,0.245117,432.205663
"16","AF53",2.218713,0.217774,368.550142
"17","AF54",2.03988,0.263023,416.289262
"18","AF60",2.456621,0.195375,468.800499
"8","AF34",2.286008,0.243113,451.218568
"9","AF35",2.227875,0.247762,517.754748
"10","AF37",2.196138,0.262357,376.738662
"11","AF39",2.297496,0.230101,440.133697
"13","AF44",2.23823,0.217957,364.029878
"3","AF16",3.722428,0.050319,466.715551
"4","AF19",3.697506,0.050645,595.272915
"5","AF20",3.069713,0.11003,556.305627
"6","AF22",3.469579,0.081022,574.238282
"7","AF24",3.368428,0.10015,506.705614
"12","AF4",3.238286,0.089138,512.921687
"19","AF7",3.496443,0.067061,589.37925
"20","AF8",3.476865,0.07085,468.820618
"1","AF14",3.738911,0.053571,490.131434
"2","AF15",3.766957,0.045048,634.71172
"35","AM49",2.239136,0.201544,316.806319
"36","AM53",2.39284,0.190125,415.58192
"37","AM54",2.256262,0.225904,503.344607
"38","AM55",2.462757,0.189406,552.578085
"39","AM58",1.89841,0.310336,333.426683
"30","AM32",2.430669,0.201142,435.273383
"31","AM33",2.318424,0.203966,477.710321
"32","AM39",2.610739,0.143154,467.172137
"33","AM42",2.03512,0.257896,346.815787
"34","AM45",2.534015,0.152661,298.66842
"25","AM23",3.353659,0.077934,445.665266
"26","AM24",3.315691,0.073995,694.40937
"27","AM27",3.302027,0.083585,642.268314
"28","AM29",3.347456,0.079947,524.78046
"29","AM30",3.190762,0.086461,593.678984
"21","AM1",3.593098,0.053257,460.122671
"24","AM2",3.476844,0.059072,396.731956
"40","AM7",3.461455,0.063866,411.080495
"22","AM11",3.297747,0.073428,388.150078
"23","AM14",3.430934,0.068999,579.370936
