"","sample","group","sex","diet","treatment"
"1","AF46","Female_HFHFD_PCBs","Female","HFHFD","PCBs"
"2","AF51","Female_HFHFD_PCBs","Female","HFHFD","PCBs"
"3","AF53","Female_HFHFD_PCBs","Female","HFHFD","PCBs"
"4","AF54","Female_HFHFD_PCBs","Female","HFHFD","PCBs"
"5","AF60","Female_HFHFD_PCBs","Female","HFHFD","PCBs"
"6","AF34","Female_HFHFD_Vehicle","Female","HFHFD","Vehicle"
"7","AF35","Female_HFHFD_Vehicle","Female","HFHFD","Vehicle"
"8","AF37","Female_HFHFD_Vehicle","Female","HFHFD","Vehicle"
"9","AF39","Female_HFHFD_Vehicle","Female","HFHFD","Vehicle"
"10","AF44","Female_HFHFD_Vehicle","Female","HFHFD","Vehicle"
"11","AF16","Female_LFD_PCBs","Female","LFD","PCBs"
"12","AF19","Female_LFD_PCBs","Female","LFD","PCBs"
"13","AF20","Female_LFD_PCBs","Female","LFD","PCBs"
"14","AF22","Female_LFD_PCBs","Female","LFD","PCBs"
"15","AF24","Female_LFD_PCBs","Female","LFD","PCBs"
"16","AF4","Female_LFD_Vehicle","Female","LFD","Vehicle"
"17","AF7","Female_LFD_Vehicle","Female","LFD","Vehicle"
"18","AF8","Female_LFD_Vehicle","Female","LFD","Vehicle"
"19","AF14","Female_LFD_Vehicle","Female","LFD","Vehicle"
"20","AF15","Female_LFD_Vehicle","Female","LFD","Vehicle"
"21","AM49","Male_HFHFD_PCBs","Male","HFHFD","PCBs"
"22","AM53","Male_HFHFD_PCBs","Male","HFHFD","PCBs"
"23","AM54","Male_HFHFD_PCBs","Male","HFHFD","PCBs"
"24","AM55","Male_HFHFD_PCBs","Male","HFHFD","PCBs"
"25","AM58","Male_HFHFD_PCBs","Male","HFHFD","PCBs"
"26","AM32","Male_HFHFD_Vehicle","Male","HFHFD","Vehicle"
"27","AM33","Male_HFHFD_Vehicle","Male","HFHFD","Vehicle"
"28","AM39","Male_HFHFD_Vehicle","Male","HFHFD","Vehicle"
"29","AM42","Male_HFHFD_Vehicle","Male","HFHFD","Vehicle"
"30","AM45","Male_HFHFD_Vehicle","Male","HFHFD","Vehicle"
"31","AM23","Male_LFD_PCBs","Male","LFD","PCBs"
"32","AM24","Male_LFD_PCBs","Male","LFD","PCBs"
"33","AM27","Male_LFD_PCBs","Male","LFD","PCBs"
"34","AM29","Male_LFD_PCBs","Male","LFD","PCBs"
"35","AM30","Male_LFD_PCBs","Male","LFD","PCBs"
"36","AM1","Male_LFD_Vehicle","Male","LFD","Vehicle"
"37","AM2","Male_LFD_Vehicle","Male","LFD","Vehicle"
"38","AM7","Male_LFD_Vehicle","Male","LFD","Vehicle"
"39","AM11","Male_LFD_Vehicle","Male","LFD","Vehicle"
"40","AM14","Male_LFD_Vehicle","Male","LFD","Vehicle"
